{"cameraMode":{"drawMode":0,"name":"Shaded","section":"Shading Mode"},"sceneLighting":true,"audioPlay":false,"sceneViewState":{"showFog":true,"showMaterialUpdate":false,"showSkybox":true,"showFlares":true,"showImageEffects":true,"showParticleSystems":true},"in2DMode":false,"pivot":{"x":-0.4001932144165039,"y":0.879847526550293,"z":-0.21389389038085938},"rotation":{"x":-0.07595610618591309,"y":0.9054985046386719,"z":-0.18337443470954896,"w":-0.3750697374343872},"size":7.467743873596191,"orthographic":false}