{"cameraMode":{"drawMode":0,"name":"Shaded","section":"Shading Mode"},"sceneLighting":true,"audioPlay":false,"sceneViewState":{"showFog":true,"showMaterialUpdate":false,"showSkybox":true,"showFlares":true,"showImageEffects":true,"showParticleSystems":true},"in2DMode":false,"pivot":{"x":-0.03609541431069374,"y":1.1927661895751954,"z":-5.475050926208496},"rotation":{"x":0.0017812451114878059,"y":-0.8414115309715271,"z":0.5403853058815002,"w":0.0027735379990190269},"size":15.596137046813965,"orthographic":false}